THRESHOLD,SEN_AVG,SEN_STD,SEN_ERR,SEN_CI95_HI,SEN_CI95_LO,FP_AVG,FP_STD,FP_ERR,FP_CI95_HI,FP_CI95_LO
0.0,0.800383877159309,0.3623662838736926,0.019424871757178823,0.8384566258033795,0.7623111285152385,8.017241379310345,7.026072595303779,0.3766370250052749,8.755449948320685,7.279032810300007
0.0025,0.800383877159309,0.3623662838736926,0.019424871757178823,0.8384566258033795,0.7623111285152385,8.017241379310345,7.026072595303779,0.3766370250052749,8.755449948320685,7.279032810300007
0.005,0.800383877159309,0.3623662838736926,0.019424871757178823,0.8384566258033795,0.7623111285152385,8.017241379310345,7.026072595303779,0.3766370250052749,8.755449948320685,7.279032810300007
0.0075,0.800383877159309,0.3623662838736926,0.019424871757178823,0.8384566258033795,0.7623111285152385,8.017241379310345,7.026072595303779,0.3766370250052749,8.755449948320685,7.279032810300007
0.01,0.800383877159309,0.3623662838736926,0.019424871757178823,0.8384566258033795,0.7623111285152385,8.017241379310345,7.026072595303779,0.3766370250052749,8.755449948320685,7.279032810300007
0.0125,0.800383877159309,0.3623662838736926,0.019424871757178823,0.8384566258033795,0.7623111285152385,8.017241379310345,7.026072595303779,0.3766370250052749,8.755449948320685,7.279032810300007
0.015,0.800383877159309,0.3623662838736926,0.019424871757178823,0.8384566258033795,0.7623111285152385,8.017241379310345,7.026072595303779,0.3766370250052749,8.755449948320685,7.279032810300007
0.0175,0.800383877159309,0.3623662838736926,0.019424871757178823,0.8384566258033795,0.7623111285152385,8.017241379310345,7.026072595303779,0.3766370250052749,8.755449948320685,7.279032810300007
0.02,0.800383877159309,0.3623662838736926,0.019424871757178823,0.8384566258033795,0.7623111285152385,8.017241379310345,7.026072595303779,0.3766370250052749,8.755449948320685,7.279032810300007
0.0225,0.800383877159309,0.3623662838736926,0.019424871757178823,0.8384566258033795,0.7623111285152385,8.017241379310345,7.026072595303779,0.3766370250052749,8.755449948320685,7.279032810300007
0.025,0.800383877159309,0.3623662838736926,0.019424871757178823,0.8384566258033795,0.7623111285152385,8.017241379310345,7.026072595303779,0.3766370250052749,8.755449948320685,7.279032810300007
0.0275,0.800383877159309,0.3623662838736926,0.019424871757178823,0.8384566258033795,0.7623111285152385,8.017241379310345,7.026072595303779,0.3766370250052749,8.755449948320685,7.279032810300007
0.03,0.800383877159309,0.3623662838736926,0.019424871757178823,0.8384566258033795,0.7623111285152385,8.017241379310345,7.026072595303779,0.3766370250052749,8.755449948320685,7.279032810300007
0.0325,0.800383877159309,0.3623662838736926,0.019424871757178823,0.8384566258033795,0.7623111285152385,8.017241379310345,7.026072595303779,0.3766370250052749,8.755449948320685,7.279032810300007
0.035,0.800383877159309,0.3623662838736926,0.019424871757178823,0.8384566258033795,0.7623111285152385,8.017241379310345,7.026072595303779,0.3766370250052749,8.755449948320685,7.279032810300007
0.0375,0.800383877159309,0.3623662838736926,0.019424871757178823,0.8384566258033795,0.7623111285152385,8.017241379310345,7.026072595303779,0.3766370250052749,8.755449948320685,7.279032810300007
0.04,0.800383877159309,0.3623662838736926,0.019424871757178823,0.8384566258033795,0.7623111285152385,8.014367816091953,7.028744637857187,0.37678026152103133,8.752857128673174,7.275878503510731
0.0425,0.800383877159309,0.3623662838736926,0.019424871757178823,0.8384566258033795,0.7623111285152385,7.997126436781609,7.0295787433967964,0.376824974271251,8.735703386353261,7.258549487209957
0.045,0.800383877159309,0.3623662838736926,0.019424871757178823,0.8384566258033795,0.7623111285152385,7.977011494252873,7.011274595004348,0.37584376892469723,8.71366528134528,7.240357707160467
0.0475,0.800383877159309,0.3623662838736926,0.019424871757178823,0.8384566258033795,0.7623111285152385,7.948275862068965,6.990126623862327,0.3747101186773098,8.682707694676493,7.213844029461438
0.05,0.800383877159309,0.3623662838736926,0.019424871757178823,0.8384566258033795,0.7623111285152385,7.882183908045977,6.91074624484251,0.37045488370894375,8.608275480115505,7.156092335976447
0.0525,0.800383877159309,0.3623662838736926,0.019424871757178823,0.8384566258033795,0.7623111285152385,7.7988505747126435,6.814106308572252,0.36527443935688025,8.514788475852129,7.0829126735731585
0.055,0.800383877159309,0.3623662838736926,0.019424871757178823,0.8384566258033795,0.7623111285152385,7.718390804597701,6.723095018288052,0.36039572210060766,8.424766419914892,7.012015189280509
0.0575,0.800383877159309,0.3623662838736926,0.019424871757178823,0.8384566258033795,0.7623111285152385,7.666666666666667,6.672091932736365,0.3576616697338392,8.367683539344991,6.965649793988342
0.06,0.800383877159309,0.3623662838736926,0.019424871757178823,0.8384566258033795,0.7623111285152385,7.568965517241379,6.559271948508062,0.351613883770271,8.25812872943111,6.879802305051648
0.0625,0.800383877159309,0.3623662838736926,0.019424871757178823,0.8384566258033795,0.7623111285152385,7.543103448275862,6.536167047898059,0.35037533109226265,8.229839097216697,6.856367799335027
0.065,0.800383877159309,0.3623662838736926,0.019424871757178823,0.8384566258033795,0.7623111285152385,7.468390804597701,6.468423033357843,0.3467438707348227,8.148008791237952,6.788772817957448
0.0675,0.800383877159309,0.3623662838736926,0.019424871757178823,0.8384566258033795,0.7623111285152385,7.402298850574713,6.400125665399808,0.3430827475206108,8.07474103571511,6.7298566654343155
0.07,0.800383877159309,0.3623662838736926,0.019424871757178823,0.8384566258033795,0.7623111285152385,7.301724137931035,6.299745881503429,0.33770182629262996,7.9636197174645895,6.63982855839748
0.0725,0.800383877159309,0.3623662838736926,0.019424871757178823,0.8384566258033795,0.7623111285152385,7.241379310344827,6.256690744462872,0.3353938286871129,7.898751214571568,6.584007406118086
0.075,0.800383877159309,0.3623662838736926,0.019424871757178823,0.8384566258033795,0.7623111285152385,7.149425287356322,6.147146167841721,0.32952162300116117,7.795287668438598,6.503562906274046
0.0775,0.800383877159309,0.3623662838736926,0.019424871757178823,0.8384566258033795,0.7623111285152385,7.097701149425287,6.091208329022174,0.32652304009265254,7.737686308006886,6.457715990843688
0.08,0.800383877159309,0.3623662838736926,0.019424871757178823,0.8384566258033795,0.7623111285152385,6.994252873563219,5.968695595010646,0.3199556682021022,7.621365983239339,6.367139763887098
0.0825,0.800383877159309,0.3623662838736926,0.019424871757178823,0.8384566258033795,0.7623111285152385,6.933908045977011,5.905958473446894,0.3165926054806951,7.554429552719173,6.313386539234849
0.085,0.800383877159309,0.3623662838736926,0.019424871757178823,0.8384566258033795,0.7623111285152385,6.85632183908046,5.839055648834365,0.3130062376365378,7.469814064848074,6.242829613312845
0.0875,0.800383877159309,0.3623662838736926,0.019424871757178823,0.8384566258033795,0.7623111285152385,6.793103448275862,5.785578674620078,0.31013957091752103,7.400977007274204,6.185229889277521
0.09,0.800383877159309,0.3623662838736926,0.019424871757178823,0.8384566258033795,0.7623111285152385,6.704022988505747,5.724338645921255,0.3068567607974293,7.305462239668708,6.102583737342785
0.0925,0.800383877159309,0.3623662838736926,0.019424871757178823,0.8384566258033795,0.7623111285152385,6.64367816091954,5.643546234226331,0.30252583293253416,7.2366287934673075,6.050727528371773
0.095,0.800383877159309,0.3623662838736926,0.019424871757178823,0.8384566258033795,0.7623111285152385,6.57183908045977,5.575575602026665,0.29888222459342856,7.1576482406628905,5.98602992025665
0.0975,0.800383877159309,0.3623662838736926,0.019424871757178823,0.8384566258033795,0.7623111285152385,6.511494252873563,5.49952945930305,0.29480572345142597,7.089313470838357,5.933675034908768
0.1,0.800383877159309,0.3623662838736926,0.019424871757178823,0.8384566258033795,0.7623111285152385,6.370689655172414,5.382536880449846,0.28853426293785006,6.9362168105306,5.8051624998142275
0.1025,0.800383877159309,0.3623662838736926,0.019424871757178823,0.8384566258033795,0.7623111285152385,6.293103448275862,5.306758088243241,0.28447209328787154,6.85066875112009,5.735538145431634
0.105,0.800383877159309,0.3623662838736926,0.019424871757178823,0.8384566258033795,0.7623111285152385,6.181034482758621,5.242696258266771,0.2810380187417505,6.731868999492452,5.63019996602479
0.1075,0.800383877159309,0.3623662838736926,0.019424871757178823,0.8384566258033795,0.7623111285152385,6.126436781609195,5.195441579258178,0.27850490205700806,6.672306389640931,5.580567173577459
0.11,0.800383877159309,0.3623662838736926,0.019424871757178823,0.8384566258033795,0.7623111285152385,5.997126436781609,5.081751588934014,0.27241047887140185,6.531050975369556,5.463201898193661
0.1125,0.800383877159309,0.3623662838736926,0.019424871757178823,0.8384566258033795,0.7623111285152385,5.933908045977011,5.0173990888587205,0.26896082277245825,6.46107125861103,5.406744833342993
0.115,0.800383877159309,0.3623662838736926,0.019424871757178823,0.8384566258033795,0.7623111285152385,5.787356321839081,4.856518946336673,0.2603367419022394,6.2976163359674695,5.277096307710692
0.1175,0.800383877159309,0.3623662838736926,0.019424871757178823,0.8384566258033795,0.7623111285152385,5.695402298850575,4.745303348814632,0.25437496009359656,6.193977220634024,5.196827377067126
0.12,0.800383877159309,0.3623662838736926,0.019424871757178823,0.8384566258033795,0.7623111285152385,5.586206896551724,4.6634311597636255,0.24998615008678687,6.076179750721827,5.096234042381622
0.1225,0.800383877159309,0.3623662838736926,0.019424871757178823,0.8384566258033795,0.7623111285152385,5.5201149425287355,4.6057410595051085,0.24689363610562662,6.004026469295764,5.036203415761707
0.125,0.800383877159309,0.3623662838736926,0.019424871757178823,0.8384566258033795,0.7623111285152385,5.39367816091954,4.48599038954428,0.2404743263896152,5.8650078406431865,4.922348481195894
0.1275,0.800383877159309,0.3623662838736926,0.019424871757178823,0.8384566258033795,0.7623111285152385,5.318965517241379,4.440965581451571,0.23806074333287222,5.785564574173809,4.852366460308949
0.13,0.800383877159309,0.3623662838736926,0.019424871757178823,0.8384566258033795,0.7623111285152385,5.181034482758621,4.28239302178628,0.22956036188794862,5.6309727920590005,4.7310961734582415
0.1325,0.800383877159309,0.3623662838736926,0.019424871757178823,0.8384566258033795,0.7623111285152385,5.094827586206897,4.203014798877423,0.22530524249926193,5.5364258615054505,4.653229310908343
0.135,0.800383877159309,0.3623662838736926,0.019424871757178823,0.8384566258033795,0.7623111285152385,4.977011494252873,4.074881265204658,0.21843656412008028,5.405147159928231,4.548875828577516
0.1375,0.800383877159309,0.3623662838736926,0.019424871757178823,0.8384566258033795,0.7623111285152385,4.913793103448276,4.039221895958899,0.21652502128244092,5.33818214516186,4.4894040617346915
0.14,0.800383877159309,0.3623662838736926,0.019424871757178823,0.8384566258033795,0.7623111285152385,4.7988505747126435,3.943374240941469,0.21138704766349115,5.213169188133087,4.3845319612922005
0.1425,0.800383877159309,0.3623662838736926,0.019424871757178823,0.8384566258033795,0.7623111285152385,4.735632183908046,3.894753051003155,0.2087806783039114,5.1448423133837125,4.3264220544323795
0.145,0.800383877159309,0.3623662838736926,0.019424871757178823,0.8384566258033795,0.7623111285152385,4.617816091954023,3.723966131298751,0.19962553843383998,5.009082147284349,4.226550036623697
0.1475,0.800383877159309,0.3623662838736926,0.019424871757178823,0.8384566258033795,0.7623111285152385,4.557471264367816,3.673979920656228,0.19694599628389542,4.9434854170842515,4.171457111651381
0.15,0.800383877159309,0.3623662838736926,0.019424871757178823,0.8384566258033795,0.7623111285152385,4.454022988505747,3.613241883701232,0.19369009574585083,4.833655576167614,4.074390400843879
0.1525,0.800383877159309,0.3623662838736926,0.019424871757178823,0.8384566258033795,0.7623111285152385,4.379310344827586,3.5568382142125716,0.19066654169236877,4.753016766544629,4.005603923110543
0.155,0.800383877159309,0.3623662838736926,0.019424871757178823,0.8384566258033795,0.7623111285152385,4.2701149425287355,3.4267170312283404,0.18369131412610293,4.630149918215897,3.9100799668415736
0.1575,0.800383877159309,0.3623662838736926,0.019424871757178823,0.8384566258033795,0.7623111285152385,4.209770114942529,3.389969430893089,0.1817214359788713,4.5659441294611165,3.853596100423941
0.16,0.800383877159309,0.3623662838736926,0.019424871757178823,0.8384566258033795,0.7623111285152385,4.114942528735632,3.2976291801753606,0.17677147896564424,4.461414627508295,3.7684704299629694
0.1625,0.800383877159309,0.3623662838736926,0.019424871757178823,0.8384566258033795,0.7623111285152385,4.040229885057471,3.216239763744914,0.1724085482877335,4.3781506397014285,3.7023091304135134
0.165,0.800383877159309,0.3623662838736926,0.019424871757178823,0.8384566258033795,0.7623111285152385,3.9798850574712645,3.1681316576188285,0.16982968310747934,4.312751236361924,3.647018878580605
0.1675,0.800383877159309,0.3623662838736926,0.019424871757178823,0.8384566258033795,0.7623111285152385,3.9310344827586206,3.1137627133612398,0.16691520177525643,4.258188278238123,3.603880687279118
0.17,0.800383877159309,0.3623662838736926,0.019424871757178823,0.8384566258033795,0.7623111285152385,3.8620689655172415,3.0685629705391038,0.1644922412327036,4.184473758333341,3.5396641727011424
0.1725,0.800383877159309,0.3623662838736926,0.019424871757178823,0.8384566258033795,0.7623111285152385,3.810344827586207,3.03746194986696,0.16282505152726087,4.129481928579638,3.4912077265927755
0.175,0.800383877159309,0.3623662838736926,0.019424871757178823,0.8384566258033795,0.7623111285152385,3.7385057471264367,2.9330689453211325,0.15722899909111282,4.046674585345018,3.4303369089078557
0.1775,0.800383877159309,0.3623662838736926,0.019424871757178823,0.8384566258033795,0.7623111285152385,3.6695402298850577,2.8774173530680462,0.15424576060920206,3.9718619206790935,3.367218539091022
0.18,0.800383877159309,0.3623662838736926,0.019424871757178823,0.8384566258033795,0.7623111285152385,3.603448275862069,2.833148706117779,0.15187271204441752,3.9011187914691274,3.3057777602550105
0.1825,0.800383877159309,0.3623662838736926,0.019424871757178823,0.8384566258033795,0.7623111285152385,3.57183908045977,2.7941911869118523,0.14978436981107462,3.8654164452894766,3.2782617156300637
0.185,0.800383877159309,0.3623662838736926,0.019424871757178823,0.8384566258033795,0.7623111285152385,3.514367816091954,2.7398900674845863,0.14687352427138983,3.802239923663878,3.22649570852003
0.1875,0.800383877159309,0.3623662838736926,0.019424871757178823,0.8384566258033795,0.7623111285152385,3.4770114942528734,2.714469761541438,0.1455108528393368,3.7622127658179734,3.1918102226877734
0.19,0.800383877159309,0.3623662838736926,0.019424871757178823,0.8384566258033795,0.7623111285152385,3.4224137931034484,2.6878449701061724,0.14408361420757726,3.7048176769502996,3.140009909256597
0.1925,0.800383877159309,0.3623662838736926,0.019424871757178823,0.8384566258033795,0.7623111285152385,3.382183908045977,2.6507404980462304,0.14209460572787713,3.6606893352726164,3.1036784808193376
0.195,0.800383877159309,0.3623662838736926,0.019424871757178823,0.8384566258033795,0.7623111285152385,3.324712643678161,2.6267892056693913,0.14081068168873842,3.600701579788088,3.0487237075682336
0.1975,0.800383877159309,0.3623662838736926,0.019424871757178823,0.8384566258033795,0.7623111285152385,3.295977011494253,2.6103950741744133,0.1399318639950612,3.5702434649245727,3.021710558063933
0.2,0.800383877159309,0.3623662838736926,0.019424871757178823,0.8384566258033795,0.7623111285152385,3.2528735632183907,2.57103525187587,0.13782195605229836,3.5230045970808956,2.982742529355886
0.2025,0.800383877159309,0.3623662838736926,0.019424871757178823,0.8384566258033795,0.7623111285152385,3.218390804597701,2.5596077120017493,0.13720937561522817,3.4873211808035482,2.949460428391854
0.205,0.800383877159309,0.3623662838736926,0.019424871757178823,0.8384566258033795,0.7623111285152385,3.1522988505747125,2.5287557515633963,0.13555553693971428,3.4179877029765526,2.8866099981728723
0.2075,0.800383877159309,0.3623662838736926,0.019424871757178823,0.8384566258033795,0.7623111285152385,3.1235632183908044,2.5039949530896712,0.13422821881890062,3.3866505272758496,2.8604759095057593
0.21,0.800383877159309,0.3623662838736926,0.019424871757178823,0.8384566258033795,0.7623111285152385,3.0689655172413794,2.4754383232428294,0.1326974227783245,3.3290524658868956,2.8088785685958633
0.2125,0.800383877159309,0.3623662838736926,0.019424871757178823,0.8384566258033795,0.7623111285152385,3.045977011494253,2.4654759510439477,0.13216338357276747,3.305017243296877,2.7869367796916285
0.215,0.800383877159309,0.3623662838736926,0.019424871757178823,0.8384566258033795,0.7623111285152385,3.014367816091954,2.444147371073613,0.13102005167594316,3.2711671173768027,2.7575685148071054
0.2175,0.800383877159309,0.3623662838736926,0.019424871757178823,0.8384566258033795,0.7623111285152385,2.9827586206896552,2.412680568699995,0.1293332540131422,3.236251798555414,2.7292654428238965
0.22,0.800383877159309,0.3623662838736926,0.019424871757178823,0.8384566258033795,0.7623111285152385,2.9482758620689653,2.4133806663441413,0.12937078318613718,3.201842597113794,2.6947091270241366
0.2225,0.800383877159309,0.3623662838736926,0.019424871757178823,0.8384566258033795,0.7623111285152385,2.9080459770114944,2.385751092326499,0.12788968255431002,3.158709754817942,2.657382199205047
0.225,0.800383877159309,0.3623662838736926,0.019424871757178823,0.8384566258033795,0.7623111285152385,2.8333333333333335,2.335253772615904,0.125182742082438,3.078691507814912,2.587975158851755
0.2275,0.800383877159309,0.3623662838736926,0.019424871757178823,0.8384566258033795,0.7623111285152385,2.807471264367816,2.3053006047226074,0.12357708374461279,3.049682348507257,2.565260180228375
0.23,0.800383877159309,0.3623662838736926,0.019424871757178823,0.8384566258033795,0.7623111285152385,2.7557471264367814,2.2663040445461005,0.12148664869557331,2.993860957880105,2.5176332949934577
0.2325,0.800383877159309,0.3623662838736926,0.019424871757178823,0.8384566258033795,0.7623111285152385,2.7270114942528734,2.2451138697295376,0.12035073609376126,2.9628989369966456,2.491124051509101
0.235,0.800383877159309,0.3623662838736926,0.019424871757178823,0.8384566258033795,0.7623111285152385,2.67816091954023,2.236682665419527,0.11989877610253422,2.913162520701197,2.4431593183792626
0.2375,0.800383877159309,0.3623662838736926,0.019424871757178823,0.8384566258033795,0.7623111285152385,2.6494252873563218,2.2089873311053796,0.11841415034879818,2.8815170220399664,2.417333552672677
0.24,0.800383877159309,0.3623662838736926,0.019424871757178823,0.8384566258033795,0.7623111285152385,2.6063218390804597,2.1839512165554464,0.11707207373716727,2.8357831036053076,2.3768605745556117
0.2425,0.800383877159309,0.3623662838736926,0.019424871757178823,0.8384566258033795,0.7623111285152385,2.5660919540229883,2.1603446498022745,0.11580662893113923,2.7930729467280213,2.3391109613179553
0.245,0.800383877159309,0.3623662838736926,0.019424871757178823,0.8384566258033795,0.7623111285152385,2.5114942528735633,2.1182302050759216,0.1135490577266964,2.734050406017888,2.2889380997292386
0.2475,0.800383877159309,0.3623662838736926,0.019424871757178823,0.8384566258033795,0.7623111285152385,2.485632183908046,2.1100337766663895,0.11310968304475841,2.7073271626757727,2.2639372051403193
0.25,0.800383877159309,0.3623662838736926,0.019424871757178823,0.8384566258033795,0.7623111285152385,2.4224137931034484,2.0672450115532777,0.11081596447335854,2.639613083471231,2.2052145027356658
0.2525,0.800383877159309,0.3623662838736926,0.019424871757178823,0.8384566258033795,0.7623111285152385,2.3879310344827585,2.036149747317457,0.10914908334529269,2.6018632378395323,2.1739988311259846
0.255,0.800383877159309,0.3623662838736926,0.019424871757178823,0.8384566258033795,0.7623111285152385,2.3275862068965516,1.9889139234397324,0.10661697740165776,2.536555482603801,2.1186169311893024
0.2575,0.800383877159309,0.3623662838736926,0.019424871757178823,0.8384566258033795,0.7623111285152385,2.295977011494253,1.9684209852728436,0.1055184406074389,2.502793155084833,2.0891608679036726
0.26,0.800383877159309,0.3623662838736926,0.019424871757178823,0.8384566258033795,0.7623111285152385,2.264367816091954,1.9263665465882234,0.10326408606447145,2.466765424778318,2.06197020740559
0.2625,0.800383877159309,0.3623662838736926,0.019424871757178823,0.8384566258033795,0.7623111285152385,2.2327586206896552,1.9282120189395944,0.10336301376650152,2.435350127671998,2.0301671137073125
0.265,0.800383877159309,0.3623662838736926,0.019424871757178823,0.8384566258033795,0.7623111285152385,2.1839080459770117,1.904211837876386,0.1020764690186894,2.383977925253643,1.9838381667003806
0.2675,0.800383877159309,0.3623662838736926,0.019424871757178823,0.8384566258033795,0.7623111285152385,2.160919540229885,1.8758195179239852,0.10055448091298469,2.358006322819335,1.963832757640435
0.27,0.800383877159309,0.3623662838736926,0.019424871757178823,0.8384566258033795,0.7623111285152385,2.1120689655172415,1.8429938292343913,0.09879483929754486,2.3057068505404295,1.9184310804940536
0.2725,0.800383877159309,0.3623662838736926,0.019424871757178823,0.8384566258033795,0.7623111285152385,2.0804597701149423,1.8059676343610371,0.09681002691549136,2.2702074228693054,1.8907121173605792
0.275,0.800383877159309,0.3623662838736926,0.019424871757178823,0.8384566258033795,0.7623111285152385,2.0402298850574714,1.7718880514539537,0.09498316951465496,2.226396897306195,1.8540628728087476
0.2775,0.800383877159309,0.3623662838736926,0.019424871757178823,0.8384566258033795,0.7623111285152385,2.0172413793103448,1.7592051451496096,0.09430329437330193,2.2020758362820168,1.832406922338673
0.28,0.800383877159309,0.3623662838736926,0.019424871757178823,0.8384566258033795,0.7623111285152385,1.9885057471264367,1.7394838604687965,0.09324612254783173,2.1712681473201867,1.8057433469326865
0.2825,0.800383877159309,0.3623662838736926,0.019424871757178823,0.8384566258033795,0.7623111285152385,1.971264367816092,1.7226350732567524,0.09234293274948935,2.152256516005091,1.7902722196270928
0.285,0.800383877159309,0.3623662838736926,0.019424871757178823,0.8384566258033795,0.7623111285152385,1.9281609195402298,1.710456082047244,0.09169007029261969,2.1078734573137643,1.7484483817666951
0.2875,0.800383877159309,0.3623662838736926,0.019424871757178823,0.8384566258033795,0.7623111285152385,1.8850574712643677,1.6765910752402158,0.08987471537811058,2.0612119134054643,1.708903029123271
0.29,0.800383877159309,0.3623662838736926,0.019424871757178823,0.8384566258033795,0.7623111285152385,1.8649425287356323,1.6707798131433775,0.08956319903124818,2.0404863988368787,1.6893986586343859
0.2925,0.7984644913627639,0.36482779051526965,0.019556822363429885,0.8367958631950865,0.7601331195304413,1.8505747126436782,1.6548155952686383,0.0887074271266287,2.0244412698118706,1.676708155475486
0.295,0.7984644913627639,0.36482779051526965,0.019556822363429885,0.8367958631950865,0.7601331195304413,1.8189655172413792,1.6490280322835875,0.08839718118550689,1.9922239923649727,1.6457070421177857
0.2975,0.7984644913627639,0.36482779051526965,0.019556822363429885,0.8367958631950865,0.7601331195304413,1.7988505747126438,1.6211138770584872,0.086900825399695,1.969176192496046,1.6285249569292415
0.3,0.7984644913627639,0.36482779051526965,0.019556822363429885,0.8367958631950865,0.7601331195304413,1.764367816091954,1.5876669495544742,0.08510788188825183,1.9311792645929275,1.5975563675909805
0.3025,0.7984644913627639,0.36482779051526965,0.019556822363429885,0.8367958631950865,0.7601331195304413,1.75,1.5863702610637027,0.08503837208901503,1.9166752092944694,1.5833247907055306
0.305,0.7984644913627639,0.36482779051526965,0.019556822363429885,0.8367958631950865,0.7601331195304413,1.7155172413793103,1.5713906604568586,0.08423538121014196,1.8806185885511886,1.550415894207432
0.3075,0.7984644913627639,0.36482779051526965,0.019556822363429885,0.8367958631950865,0.7601331195304413,1.6954022988505748,1.5611573366000175,0.08368681747114326,1.8594284610940157,1.531376136607134
0.31,0.7965451055662188,0.3648723625383278,0.01955921167466107,0.8348811604485545,0.7582090506838831,1.6752873563218391,1.545009136319076,0.08282118307432984,1.8376168751475257,1.5129578374961525
0.3125,0.7965451055662188,0.3648723625383278,0.01955921167466107,0.8348811604485545,0.7582090506838831,1.6637931034482758,1.5369266397506924,0.08238791578014246,1.8252734183773551,1.5023127885191965
0.315,0.7965451055662188,0.3648723625383278,0.01955921167466107,0.8348811604485545,0.7582090506838831,1.6293103448275863,1.5232880356096745,0.08165680985727866,1.7893576921478525,1.4692629975073201
0.3175,0.7965451055662188,0.3648723625383278,0.01955921167466107,0.8348811604485545,0.7582090506838831,1.6206896551724137,1.514512918040929,0.08118641418027228,1.7798150269657473,1.46156428337908
0.32,0.7965451055662188,0.3648723625383278,0.01955921167466107,0.8348811604485545,0.7582090506838831,1.5747126436781609,1.4964486983567928,0.08021807036250099,1.7319400615886629,1.417485225767659
0.3225,0.7965451055662188,0.3648723625383278,0.01955921167466107,0.8348811604485545,0.7582090506838831,1.5660919540229885,1.4987794121852644,0.0803430097380322,1.7235642531095317,1.4086196549364454
0.325,0.7965451055662188,0.3648723625383278,0.01955921167466107,0.8348811604485545,0.7582090506838831,1.543103448275862,1.4841656543512245,0.07955963009028429,1.6990403232528193,1.387166573298905
0.3275,0.7965451055662188,0.3648723625383278,0.01955921167466107,0.8348811604485545,0.7582090506838831,1.528735632183908,1.4747760477453333,0.0790562943433157,1.683685969096807,1.3737852952710092
0.33,0.7946257197696737,0.36494768785264553,0.019563249535344603,0.8329696888589491,0.7562817506803983,1.5057471264367817,1.4553770971636497,0.0780164014392496,1.6586592732577108,1.3528349796158525
0.3325,0.7946257197696737,0.36494768785264553,0.019563249535344603,0.8329696888589491,0.7562817506803983,1.4913793103448276,1.4454281875397315,0.07748308390346105,1.6432461547956112,1.339512465894044
0.335,0.7946257197696737,0.36494768785264553,0.019563249535344603,0.8329696888589491,0.7562817506803983,1.4597701149425288,1.4288472829352938,0.07659425412019268,1.6098948530181065,1.3096453768669511
0.3375,0.7946257197696737,0.36494768785264553,0.019563249535344603,0.8329696888589491,0.7562817506803983,1.4396551724137931,1.4200425761980673,0.0761222722972651,1.5888548261164328,1.2904555187111535
0.34,0.7946257197696737,0.36494768785264553,0.019563249535344603,0.8329696888589491,0.7562817506803983,1.4137931034482758,1.4044123481106918,0.07528440412452266,1.5613505355323403,1.2662356713642113
0.3425,0.7927063339731286,0.3648162028650422,0.019556201200176978,0.8310364883254755,0.7543761796207817,1.382183908045977,1.370930751198543,0.0734896021377276,1.526223528235923,1.238144287856031
0.345,0.7927063339731286,0.3648162028650422,0.019556201200176978,0.8310364883254755,0.7543761796207817,1.3649425287356323,1.3714380626918325,0.07351679688827875,1.5090354506366586,1.220849606834606
0.3475,0.7927063339731286,0.3648162028650422,0.019556201200176978,0.8310364883254755,0.7543761796207817,1.3620689655172413,1.3732513747196948,0.07361400061601092,1.5063524067246228,1.2177855243098599
0.35,0.7907869481765835,0.3650425742189731,0.019568335978480855,0.8291408866944059,0.752433009658761,1.3218390804597702,1.3516496730231506,0.07245602785787632,1.4638528950612077,1.1798252658583326
0.3525,0.7888675623800384,0.3652631373831131,0.019580159405130755,0.8272446748140947,0.7504904499459821,1.3103448275862069,1.3372115580820674,0.07168206365748811,1.4508416723548836,1.16984798281753
0.355,0.7850287907869482,0.36549798326571853,0.01959274846585557,0.8234305777800252,0.7466270037938713,1.2816091954022988,1.313203069659464,0.07039507358846907,1.4195835396356982,1.1436348511688994
0.3575,0.783109404990403,0.365848624476032,0.019611544807695957,0.8215480328134871,0.744670777167319,1.2729885057471264,1.3117360869577217,0.07031643506132265,1.4108087184673188,1.135168293026934
0.36,0.783109404990403,0.365848624476032,0.019611544807695957,0.8215480328134871,0.744670777167319,1.2528735632183907,1.2925714674155904,0.06928910361949683,1.3886802063126045,1.117066920124177
0.3625,0.783109404990403,0.365848624476032,0.019611544807695957,0.8215480328134871,0.744670777167319,1.2385057471264367,1.2807643869785208,0.06865617767267582,1.3730718553648813,1.103939638887992
0.365,0.783109404990403,0.365848624476032,0.019611544807695957,0.8215480328134871,0.744670777167319,1.2241379310344827,1.2754806308642355,0.06837293861461825,1.3581488907191344,1.090126971349831
0.3675,0.783109404990403,0.365848624476032,0.019611544807695957,0.8215480328134871,0.744670777167319,1.2097701149425288,1.2768011875969485,0.06844372788592355,1.343919821598939,1.0756204082861187
0.37,0.783109404990403,0.365848624476032,0.019611544807695957,0.8215480328134871,0.744670777167319,1.1752873563218391,1.2432033913369154,0.06664269696025817,1.3059070423639452,1.044667670279733
0.3725,0.7792706333973128,0.36615495151992394,0.019627965660871775,0.8177414460926216,0.7407998207020041,1.1666666666666667,1.2385886424346493,0.06639532045309575,1.2968014947547344,1.036531838578599
0.375,0.7792706333973128,0.36615495151992394,0.019627965660871775,0.8177414460926216,0.7407998207020041,1.1522988505747127,1.239280446753166,0.06643240505717257,1.282506364486771,1.0220913366626545
0.3775,0.7773512476007678,0.368505092090554,0.019753946419091943,0.816068982582188,0.7386335126193476,1.1436781609195403,1.2391501363378987,0.06642541968569118,1.273871983503495,1.0134843383355856
0.38,0.7773512476007678,0.368505092090554,0.019753946419091943,0.816068982582188,0.7386335126193476,1.1149425287356323,1.2281547026465274,0.06583600257136633,1.2439810937755102,0.9859039636957543
0.3825,0.7754318618042226,0.37081800785122626,0.019877931718043973,0.8143926079715889,0.7364711156368564,1.1005747126436782,1.2093295890371105,0.06482687055784626,1.2276353789370569,0.9735140463502996
0.385,0.7754318618042226,0.37081800785122626,0.019877931718043973,0.8143926079715889,0.7364711156368564,1.0775862068965518,1.1869914168480216,0.0636294188373819,1.2022998678178203,0.9528725459752834
0.3875,0.7754318618042226,0.37081800785122626,0.019877931718043973,0.8143926079715889,0.7364711156368564,1.0718390804597702,1.1897787833378928,0.06377883736503079,1.1968456016952305,0.9468325592243099
0.39,0.7735124760076776,0.3730943911033926,0.01999995866898109,0.8127123949988805,0.7343125570164747,1.0517241379310345,1.1700747106830172,0.06272258820099845,1.1746604108049914,0.9287878650570776
0.3925,0.7735124760076776,0.3730943911033926,0.01999995866898109,0.8127123949988805,0.7343125570164747,1.0488505747126438,1.1714292610442991,0.06279519972206841,1.1719291661678979,0.9257719832573896
0.395,0.7735124760076776,0.3730943911033926,0.01999995866898109,0.8127123949988805,0.7343125570164747,1.0373563218390804,1.1669245372133956,0.0625537211778137,1.1599616153475953,0.9147510283305655
0.3975,0.7735124760076776,0.3730943911033926,0.01999995866898109,0.8127123949988805,0.7343125570164747,1.0229885057471264,1.1635879272409178,0.06237486010904579,1.145243231560856,0.9007337799333966
0.4,0.7735124760076776,0.3730943911033926,0.01999995866898109,0.8127123949988805,0.7343125570164747,0.9971264367816092,1.1551128373300976,0.06192054760268241,1.1184907100828667,0.8757621634803516
0.4025,0.7735124760076776,0.3730943911033926,0.01999995866898109,0.8127123949988805,0.7343125570164747,0.9913793103448276,1.1525865385765532,0.06178512377466141,1.112478152943164,0.8702804677464913
0.405,0.7715930902111324,0.3753349065499306,0.020120062903717647,0.811028413502419,0.7321577669198458,0.9827586206896551,1.1512385908894538,0.06171286619407917,1.1037158384300503,0.86180140294926
0.4075,0.7677543186180422,0.3756270423740175,0.020135723027661583,0.8072203357522589,0.7282883014838255,0.9770114942528736,1.141080043456003,0.06116831089212181,1.0969013836014323,0.8571216049043149
0.41,0.7677543186180422,0.3756270423740175,0.020135723027661583,0.8072203357522589,0.7282883014838255,0.9683908045977011,1.142135492714956,0.061224888911142264,1.0883915868635399,0.8483900223318622
0.4125,0.7677543186180422,0.3756270423740175,0.020135723027661583,0.8072203357522589,0.7282883014838255,0.9683908045977011,1.142135492714956,0.061224888911142264,1.0883915868635399,0.8483900223318622
0.415,0.7677543186180422,0.3756270423740175,0.020135723027661583,0.8072203357522589,0.7282883014838255,0.9396551724137931,1.1282752625450723,0.06048190258609879,1.0581997014825468,0.8211106433450395
0.4175,0.7658349328214972,0.37767721366961976,0.020245623744890574,0.8055163553614827,0.7261535102815116,0.9281609195402298,1.1199063657192072,0.060033282626610084,1.0458261534883855,0.8104956855920741
0.42,0.7658349328214972,0.37767721366961976,0.020245623744890574,0.8055163553614827,0.7261535102815116,0.8994252873563219,1.1202612461080752,0.06005230621227376,1.0171278075323784,0.7817227671802653
0.4225,0.761996161228407,0.3799560476510318,0.020367782068704883,0.8019170140830685,0.7220753083737455,0.896551724137931,1.1161325028362488,0.05983098234153114,1.0138204495273322,0.77928299874853
0.425,0.761996161228407,0.3799560476510318,0.020367782068704883,0.8019170140830685,0.7220753083737455,0.882183908045977,1.1108186095719799,0.0595461277626605,0.9988943184607916,0.7654734976311625
0.4275,0.761996161228407,0.3799560476510318,0.020367782068704883,0.8019170140830685,0.7220753083737455,0.8706896551724138,1.1147181891225637,0.05975516716849941,0.9878097828226726,0.753569527522155
0.43,0.7562380038387716,0.38069661122465964,0.020407480443211418,0.796236665507466,0.7162393421700772,0.8620689655172413,1.1045873828250679,0.059212098947521455,0.9781246794543834,0.7460132515800992
0.4325,0.7543186180422264,0.3808131826452902,0.020413729327274508,0.7943295275236845,0.7143077085607684,0.8563218390804598,1.1038524260705564,0.05917270113006769,0.9723003332953924,0.7403433448655271
0.435,0.7523992322456814,0.38091483269803195,0.020419178342060078,0.7924208217961192,0.7123776426952436,0.8505747126436781,1.0978494632551667,0.05885090854604046,0.9659224933939174,0.7352269318934388
0.4375,0.7504798464491362,0.38101102199450587,0.020424334629583422,0.7905115423231197,0.7104481505751528,0.8362068965517241,1.0785621139867265,0.05781699810031599,0.9495282128283434,0.7228855802751047
0.44,0.7485604606525912,0.3811555899198979,0.020432084283830837,0.7886073458488996,0.7085135754562828,0.8247126436781609,1.0713823536608817,0.05743212254819253,0.9372796038726182,0.7121456834837036
0.4425,0.7485604606525912,0.3811555899198979,0.020432084283830837,0.7886073458488996,0.7085135754562828,0.8074712643678161,1.0548373199248202,0.05654521564530524,0.9182998870326144,0.6966426417030178
0.445,0.7485604606525912,0.3811555899198979,0.020432084283830837,0.7886073458488996,0.7085135754562828,0.8017241379310345,1.0482852273675909,0.05619398661730409,0.9118643517009505,0.6915839241611185
0.4475,0.7485604606525912,0.3811555899198979,0.020432084283830837,0.7886073458488996,0.7085135754562828,0.7988505747126436,1.0491104235388031,0.056238221775246934,0.9090774893921276,0.6886236600331597
0.45,0.7428023032629558,0.3812654161878664,0.020437971589758012,0.7828607275788815,0.7027438789470302,0.7873563218390804,1.0440780826632035,0.055968459988631585,0.8970545034167984,0.6776581402613625
0.4525,0.7428023032629558,0.3812654161878664,0.020437971589758012,0.7828607275788815,0.7027438789470302,0.7844827586206896,1.044866974278635,0.05601074901810821,0.8942638266961817,0.6747016905451976
0.455,0.7408829174664108,0.3833047411353434,0.020547290881697888,0.7811556075945386,0.7006102273382829,0.7758620689655172,1.036116170452119,0.05554165669449249,0.8847237160867225,0.667000421844312
0.4575,0.7389635316698656,0.385311781871166,0.02065487955823816,0.7794470956040124,0.6984799677357189,0.7672413793103449,1.0300199373075833,0.05521486429601498,0.8754625133305343,0.6590202452901555
0.46,0.7351247600767754,0.3892310003332954,0.020864971720238993,0.7760201046484438,0.694229415505107,0.7442528735632183,1.0217215873970278,0.05477002604813615,0.8516021246175652,0.6369036225088714
0.4625,0.7351247600767754,0.3892310003332954,0.020864971720238993,0.7760201046484438,0.694229415505107,0.735632183908046,1.0181043594837553,0.054576122278776916,0.8426013835744487,0.6286629842416432
0.465,0.7332053742802304,0.39114412857702757,0.020967526158781866,0.7743017255514428,0.6921090230090179,0.7212643678160919,1.001386133953451,0.053679931321212696,0.8264770332056688,0.6160517024265151
0.4675,0.7312859884836852,0.3930268752847334,0.021068451976044667,0.7725801543567328,0.6899918226106376,0.7183908045977011,1.0020185662262826,0.05371383324956963,0.8236699177668576,0.6131116914285446
0.47,0.727447216890595,0.3948837832921627,0.02116799269358495,0.7689364825700215,0.6859579512111685,0.7097701149425287,1.0038639780776233,0.053812757708457656,0.8152431200511058,0.6042971098339517
0.4725,0.72552783109405,0.39669659927061085,0.021265169830277375,0.7672075639613936,0.6838480982267063,0.7040229885057471,1.0021797106211383,0.05372247149585181,0.8093190326376166,0.5987269443738775
0.475,0.7236084452975048,0.39848038736502217,0.021360790909053014,0.7654755954792487,0.6817412951157609,0.6925287356321839,0.9987031572444532,0.05353610867319297,0.7974595086316421,0.5875979626327257
0.4775,0.7216890595009597,0.3982440109286657,0.02134811980203511,0.7635313743129486,0.6798467446889709,0.6867816091954023,0.9940155157439777,0.053284824712618695,0.791219865632135,0.5823433527586697
0.48,0.7159309021113244,0.4034126649951784,0.021625188742682544,0.7583162720469822,0.6735455321756666,0.6839080459770115,0.9916508592637793,0.05315806581996838,0.7880978549841495,0.5797182369698735
0.4825,0.7159309021113244,0.4034126649951784,0.021625188742682544,0.7583162720469822,0.6735455321756666,0.6752873563218391,0.9932154159261407,0.05324193486042747,0.779641548648277,0.5709331639954013
0.485,0.7140115163147792,0.40508001140899935,0.021714567892191255,0.7565720693834741,0.6714509632460843,0.6666666666666666,0.9859727029636436,0.0528536846927612,0.7702598886644786,0.5630734446688547
0.4875,0.7120921305182342,0.4067201626225244,0.021802489225943737,0.7548250094010839,0.6693592516353845,0.6609195402298851,0.9781304665768762,0.05243329669619048,0.7636888017544184,0.5581502787053517
0.49,0.710172744721689,0.40833344634042057,0.021888970310754048,0.7530751265307669,0.6672703629126111,0.6494252873563219,0.9710950547464152,0.052056159035631315,0.7514553590661592,0.5473952156464845
0.4925,0.708253358925144,0.4082486837601696,0.021884426559515432,0.7511468349817942,0.6653598828684937,0.6436781609195402,0.9719644861843072,0.05210276545276862,0.7457995812069667,0.5415567406321138
0.495,0.7063339731285988,0.40842495338022833,0.021893875602974237,0.7492459693104283,0.6634219769467693,0.6350574712643678,0.9642788571086611,0.05169077248926292,0.7363713853433231,0.5337435571854126
0.4975,0.7024952015355086,0.4115412950344505,0.022060929050490674,0.7457346224744703,0.6592557805965469,0.6293103448275862,0.9650686235066986,0.051733108412009406,0.7307072373151247,0.5279134523400477
0.5,0.6986564299424184,0.41322279447329746,0.0221510668817762,0.7420725210306998,0.655240338854137,0.617816091954023,0.9575568398413987,0.051330434540681515,0.7184237436537587,0.5172084402542872
0.5025,0.6986564299424184,0.41322279447329746,0.0221510668817762,0.7420725210306998,0.655240338854137,0.6149425287356322,0.9579070287089823,0.05134920663440636,0.7155869737390687,0.5142980837321957
0.505,0.6948176583493282,0.4164483240387736,0.022323973415708045,0.738572646244116,0.6510626704545404,0.6091954022988506,0.9464792559167989,0.05073661371161746,0.7086391651736208,0.5097516394240804
0.5075,0.6948176583493282,0.4164483240387736,0.022323973415708045,0.738572646244116,0.6510626704545404,0.6005747126436781,0.9382672807250437,0.05029640563467457,0.6991556676876403,0.501993757599716
0.51,0.6928982725527831,0.4179089025168746,0.022402268640432366,0.7368067190880305,0.6489898260175357,0.5948275862068966,0.9233922700070941,0.04949902136234655,0.6918456680770958,0.49780950433669735
0.5125,0.6928982725527831,0.4179089025168746,0.022402268640432366,0.7368067190880305,0.6489898260175357,0.5948275862068966,0.9233922700070941,0.04949902136234655,0.6918456680770958,0.49780950433669735
0.515,0.690978886756238,0.4193446466654709,0.02247923260535887,0.7350381826627413,0.6469195908497346,0.5948275862068966,0.9233922700070941,0.04949902136234655,0.6918456680770958,0.49780950433669735
0.5175,0.6890595009596929,0.4199142538288828,0.022509766754350236,0.7331786437982194,0.6449403581211665,0.5862068965517241,0.9148373394471965,0.049040428947949896,0.6823261372897059,0.4900876558137423
0.52,0.6852207293666027,0.42149904655327647,0.022594720561597344,0.7295063816673335,0.6409350770658719,0.5804597701149425,0.9058680401459541,0.0485596240374712,0.6756366332283861,0.485282907001499
0.5225,0.6852207293666027,0.42149904655327647,0.022594720561597344,0.7295063816673335,0.6409350770658719,0.5718390804597702,0.9002145485362198,0.04825656507645138,0.6664219480096149,0.4772562129099255
0.525,0.6833013435700576,0.4213370933061011,0.022586038956279624,0.7275699799243657,0.6390327072157495,0.5545977011494253,0.8885480882453032,0.047631177160697424,0.6479548083843922,0.4612405939144584
0.5275,0.6794625719769674,0.42257927001705065,0.022652626617394256,0.7238617201470601,0.6350634238068746,0.5488505747126436,0.8823755273508442,0.04730029316534748,0.6415591493167248,0.4561420001085626
0.53,0.6794625719769674,0.42257927001705065,0.022652626617394256,0.7238617201470601,0.6350634238068746,0.5459770114942529,0.8792588702158717,0.04713322280628769,0.6383581281945768,0.45359589479392903
0.5325,0.6775431861804223,0.422578551993107,0.02265258812727074,0.721942258909873,0.6331441134509717,0.5344827586206896,0.8732103260252334,0.04680898680407251,0.6262283727566718,0.44273714448470747
0.535,0.6756238003838771,0.42240279931599145,0.022643166794862397,0.7200044073018075,0.6312431934659468,0.5287356321839081,0.8734189399169515,0.046820169682485126,0.6205031647615789,0.4369680996062372
0.5375,0.6717850287907869,0.4250535642738508,0.022785262711773887,0.7164441437058637,0.6271259138757102,0.5201149425287356,0.8736606800516413,0.04683312831391384,0.6119078740240067,0.42832201103346446
0.54,0.6717850287907869,0.4250535642738508,0.022785262711773887,0.7164441437058637,0.6271259138757102,0.5172413793103449,0.8737222893886025,0.046836430921034795,0.609040783915573,0.4254419747051167
0.5425,0.6698656429942419,0.4263436323340905,0.02285441761868273,0.71466030152686,0.6250709844616238,0.5086206896551724,0.8638999734149676,0.04630989951721122,0.5993880927089064,0.4178532866014384
0.545,0.6679462571976967,0.4276104428539162,0.022922325790561204,0.7128740157471967,0.6230184986481968,0.5057471264367817,0.8605817108884188,0.046132021974781445,0.5961658895073533,0.41532836336621004
0.5475,0.6621880998080614,0.43127335984414694,0.02311867875152604,0.7075007101610524,0.6168754894550703,0.49712643678160917,0.8572409438663492,0.04595293806476477,0.5871941953885481,0.40705867817467023
0.55,0.6602687140115163,0.43244914108025934,0.0231817072415992,0.7057048602050507,0.6148325678179819,0.4885057471264368,0.8537998182535954,0.04576847436959553,0.578211956890844,0.39879953736202955
0.5525,0.6583493282149712,0.43360263606996635,0.023243541063466072,0.7039066686993647,0.6127919877305776,0.48563218390804597,0.8435689259979519,0.04522004097810301,0.5742634642251279,0.39700090359096407
0.555,0.6564299424184261,0.43473402221193597,0.02330418972669344,0.7021061542827453,0.610753730554107,0.4827586206896552,0.8435149317748907,0.04521714658393538,0.5713842279941685,0.39413301338514184
0.5575,0.6525911708253359,0.4372147217314828,0.023437169179197054,0.6985280224165621,0.6066543192341097,0.47701149425287354,0.8365155049783779,0.04484193792367433,0.5649016925832753,0.38912129592247185
0.56,0.6506717850287908,0.43828955172399336,0.023494786114586563,0.6967215658133804,0.6046220042442011,0.46264367816091956,0.8185781723536656,0.04388039596624888,0.5486492542547674,0.37663810206707177
0.5625,0.6487523992322457,0.4396390456952737,0.023567126584701448,0.6949439673382606,0.6025608311262308,0.4540229885057471,0.8146079267954367,0.04366756846478082,0.5396114226967176,0.36843455431477673
0.565,0.6487523992322457,0.4396390456952737,0.023567126584701448,0.6949439673382606,0.6025608311262308,0.4540229885057471,0.8146079267954367,0.04366756846478082,0.5396114226967176,0.36843455431477673
0.5675,0.6449136276391555,0.43968934402341303,0.023569822858105428,0.6911104804410422,0.5987167748372688,0.4511494252873563,0.8144401734022837,0.043658575939002776,0.5367202341278017,0.36557861644691086
0.57,0.6449136276391555,0.43968934402341303,0.023569822858105428,0.6911104804410422,0.5987167748372688,0.4425287356321839,0.8031827443276635,0.04305511439795538,0.5269167598521765,0.3581407114121914
0.5725,0.6429942418426103,0.44071429631059134,0.023624766067840152,0.689298783335577,0.5966897003496436,0.4396551724137931,0.799374320567274,0.042850961455381004,0.5236430568663398,0.35566728796124636
0.575,0.6410748560460653,0.4411714080880424,0.023649269831161515,0.6874274249151419,0.5947222871769887,0.4339080459770115,0.7989183701263086,0.04282651994622981,0.517848025071622,0.34996806688240106
0.5775,0.6391554702495201,0.4413491992532181,0.02365880043799993,0.685526719108,0.5927842213910403,0.43103448275862066,0.7986747445053479,0.042813460242127836,0.5149488648331912,0.3471201006840501
0.58,0.6353166986564299,0.44123675982538724,0.02365277305200056,0.681676133838351,0.5889572634745088,0.4224137931034483,0.790624406530138,0.04238191682948267,0.5054823500892343,0.33934523611766226
0.5825,0.6353166986564299,0.44123675982538724,0.02365277305200056,0.681676133838351,0.5889572634745088,0.41379310344827586,0.7749942699489728,0.041544053561987974,0.4952194484297723,0.33236675846677943
0.585,0.6333973128598849,0.4409162574687343,0.023635592322299923,0.6797230738115927,0.5870715519081771,0.40804597701149425,0.7706007822493859,0.04130853790026883,0.48901071129602114,0.32708124272696737
0.5875,0.6276391554702495,0.4437866241155542,0.02378946012538172,0.6742664973159976,0.5810118136245014,0.4051724137931034,0.7702514460048375,0.041289811511936156,0.4861004443564983,0.32424438322970855
0.59,0.6257197696737045,0.443435284518344,0.023770626346074027,0.6723101973120096,0.5791293420353993,0.40229885057471265,0.7698911950514146,0.04127050003379356,0.48318903064094804,0.32140867050847727
0.5925,0.6218809980806143,0.4452285091659596,0.023866753277198463,0.6686598345039232,0.5751021616573053,0.3994252873563218,0.7657658671408744,0.041049359245633237,0.479882031477763,0.31896854323488066
0.595,0.6199616122840691,0.44485503962650097,0.02384673320846678,0.666701209372664,0.5732220151954742,0.3936781609195402,0.7649868469118885,0.04100759937801384,0.47405305570044737,0.3133032661386331
0.5975,0.6199616122840691,0.44485503962650097,0.02384673320846678,0.666701209372664,0.5732220151954742,0.39080459770114945,0.7645807928513796,0.04098583259560917,0.4711368295885434,0.3104723658137555
0.6,0.6199616122840691,0.44485503962650097,0.02384673320846678,0.666701209372664,0.5732220151954742,0.3850574712643678,0.7637355088793961,0.04094052061851612,0.4653008916766594,0.3048140508520762
0.6025,0.6180422264875239,0.4460945738262729,0.02391317921611356,0.6649120577511065,0.5711723952239414,0.3764367816091954,0.7432438862029642,0.03984205434198767,0.4545272081194912,0.2983463550988996
0.605,0.6142034548944337,0.44775255792601065,0.02400205649290809,0.6612474856205336,0.5671594241683339,0.3764367816091954,0.7432438862029642,0.03984205434198767,0.4545272081194912,0.2983463550988996
0.6075,0.6103646833013435,0.4481715056245113,0.02402451444685829,0.6574527316171858,0.5632766349855013,0.3706896551724138,0.7265667449179257,0.03894806573114014,0.44702786400544847,0.29435144633937915
0.61,0.6065259117082533,0.44854852418566765,0.024044724763122402,0.6536535722439732,0.5593982511725334,0.367816091954023,0.7140410231877843,0.0382766165674014,0.4428382604261297,0.29279392348191624
0.6125,0.6046065259117083,0.4480910046530823,0.024020199141831507,0.6516861162296981,0.5575269355937185,0.3620689655172414,0.7048193717648977,0.037782284163282324,0.4361222424772747,0.28801568855720805
0.615,0.6046065259117083,0.4480910046530823,0.024020199141831507,0.6516861162296981,0.5575269355937185,0.3620689655172414,0.7048193717648977,0.037782284163282324,0.4361222424772747,0.28801568855720805
0.6175,0.6026871401151631,0.4488485484552437,0.024060807752130802,0.6498463233093394,0.5555279569209868,0.3563218390804598,0.703666994437415,0.03772051025439947,0.4302540391790827,0.28238963898183683
0.62,0.5988483685220729,0.4494286298434735,0.024091903378508167,0.6460684991439489,0.5516282379001969,0.35344827586206895,0.7030724299084036,0.037688638250183315,0.42731800683242827,0.27957854489170963
0.6225,0.5969289827255279,0.450144504103328,0.024130278266876054,0.644224328128605,0.5496336373224507,0.3448275862068966,0.7012148569898681,0.03758906188966646,0.41850214751064285,0.2711530249031503
0.625,0.5950095969289827,0.45052036280055047,0.024150426407907054,0.6423444326884805,0.5476747611694849,0.3390804597701149,0.6916307125185546,0.03707529781849688,0.4117480434943688,0.26641287604586106
0.6275,0.5950095969289827,0.45052036280055047,0.024150426407907054,0.6423444326884805,0.5476747611694849,0.33620689655172414,0.6909538849963096,0.03703901605497078,0.4088033680194669,0.2636104250839814
0.63,0.5930902111324377,0.45121156417401054,0.024187478690736237,0.6404976693662807,0.5456827528985946,0.33045977011494254,0.6811524528935824,0.036513604144136014,0.4020264342374491,0.258893105992436
0.6325,0.5911708253358925,0.4518833828176795,0.024223491950187,0.6386488695582591,0.5436927811135259,0.3218390804597701,0.6617460594738159,0.03547331226206974,0.3913667724934268,0.25231138842611345
0.635,0.5892514395393474,0.4517603345158942,0.02421689586885027,0.636716555442294,0.5417863236364009,0.3218390804597701,0.6617460594738159,0.03547331226206974,0.3913667724934268,0.25231138842611345
0.6375,0.5873320537428023,0.45126982654798115,0.024190601881808403,0.6347456334311468,0.5399184740544578,0.3132183908045977,0.6593578121947917,0.03534528876986304,0.38249515679352925,0.2439416248156661
0.64,0.5854126679462572,0.45191346225091517,0.024225104377057636,0.6328938725252902,0.5379314633672243,0.3074712643678161,0.6533014686728896,0.035020634679607296,0.37611170833984636,0.2388308203957858
0.6425,0.5796545105566219,0.4530927922261466,0.024288323099515417,0.6272596238316721,0.5320493972815716,0.3017241379310345,0.6426686201932525,0.034450654172804795,0.3692474201097319,0.23420085575233707
0.645,0.5796545105566219,0.4530927922261466,0.024288323099515417,0.6272596238316721,0.5320493972815716,0.3017241379310345,0.6426686201932525,0.034450654172804795,0.3692474201097319,0.23420085575233707
0.6475,0.5719769673704415,0.4554845000764181,0.024416532097812717,0.6198333702821544,0.5241205644587286,0.2959770114942529,0.6408620990646553,0.03435381447548388,0.3633104878662013,0.22864353512230445
0.65,0.5700575815738963,0.45603140155114563,0.02444584909413155,0.6179714457983941,0.5221437173493985,0.29310344827586204,0.6399375155823782,0.034304251598441214,0.36033978140880685,0.22586711514291727
0.6525,0.5623800383877159,0.4578602893027937,0.02454388776829921,0.6104860584135823,0.5142740183618495,0.28448275862068967,0.632538016755799,0.03390759682626656,0.3509416484001721,0.21802386884120722
0.655,0.5604606525911708,0.458022162613498,0.024552565088572297,0.6085836801647725,0.5123376250175692,0.28160919540229884,0.6315488003135219,0.033854569258894913,0.3479641511497329,0.21525423965486482
0.6575,0.5566218809980806,0.4595095333866629,0.02463229653106537,0.6049011821989687,0.5083425797971926,0.27298850574712646,0.6192542041197227,0.03319550972438785,0.33805170480692665,0.20792530668732628
0.66,0.5527831094049904,0.45929859608612983,0.024620989104867055,0.6010402480505298,0.504525970759451,0.27011494252873564,0.6181901524287968,0.033138470566610005,0.33506634483929126,0.20516354021818
0.6625,0.5508637236084453,0.45973439483981904,0.0246443503701919,0.5991666503340214,0.5025607968828691,0.26436781609195403,0.6160162076340518,0.03302193489338543,0.3290908084829895,0.19964482370091857
0.665,0.5489443378119002,0.459161516841456,0.02461364088604301,0.5971870739485445,0.5007016016752559,0.2557471264367816,0.5886498637521843,0.03155494487796384,0.31759481839759074,0.19389943447597247
0.6675,0.5412667946257198,0.4616095154174208,0.024744867383970855,0.5897667346983027,0.49276685455313696,0.25287356321839083,0.5874458131532656,0.031490400990979855,0.31459474916071134,0.19115237727607032
0.67,0.5393474088291746,0.46256992756444804,0.024796350879042774,0.5879482565520985,0.4907465611062508,0.2471264367816092,0.5800405591422819,0.031093437708538185,0.308069574690344,0.18618329887287435
0.6725,0.5393474088291746,0.46256992756444804,0.024796350879042774,0.5879482565520985,0.4907465611062508,0.2442528735632184,0.5787756772479743,0.031025632921839356,0.3050631140900235,0.18344263303641326
0.675,0.5374280230326296,0.4635238833857917,0.024847488278729978,0.5861291000589404,0.48872694600631883,0.2442528735632184,0.5787756772479743,0.031025632921839356,0.3050631140900235,0.18344263303641326
0.6775,0.5335892514395394,0.4631962524554583,0.024829925417369426,0.5822559052575834,0.4849225976214953,0.23850574712643677,0.5711710579926904,0.03061798254052642,0.29851699290586853,0.17849450134700498
0.68,0.5316698656429942,0.4635212053150035,0.024847344719066917,0.5803706612923654,0.4829690699936231,0.23563218390804597,0.5698428948755732,0.030546785524217888,0.29550388353551305,0.17576048428057892
0.6825,0.527831094049904,0.46409606402355363,0.02487816038042678,0.5765922883955406,0.47906989970426755,0.23275862068965517,0.5684970623211985,0.03047464132665099,0.2924889176898911,0.17302832368941923
0.685,0.527831094049904,0.46409606402355363,0.02487816038042678,0.5765922883955406,0.47906989970426755,0.22413793103448276,0.5643522756281382,0.03025245743825805,0.28343274761346854,0.164843114455497
0.6875,0.5239923224568138,0.4638664309704302,0.024865850756693442,0.5727293899399329,0.4752552549736947,0.21839080459770116,0.5511379342996946,0.029544094389365578,0.2762972296008577,0.16048437959454462
0.69,0.5239923224568138,0.4638664309704302,0.024865850756693442,0.5727293899399329,0.4752552549736947,0.21264367816091953,0.5481547979057775,0.02938418149331311,0.27023667388781325,0.15505068243402584
0.6925,0.5182341650671785,0.46352469341429514,0.024847531700815582,0.566935327200777,0.4695330029335799,0.21264367816091953,0.5481547979057775,0.02938418149331311,0.27023667388781325,0.15505068243402584
0.695,0.5163147792706334,0.4637565706356921,0.024859961624595733,0.5650403040548411,0.46758925448642574,0.20977011494252873,0.5413367529937104,0.029018695922647404,0.26664675895091766,0.15289347093413982
0.6975,0.5143953934740882,0.46397048385292106,0.024871428576673665,0.5631433934843686,0.46564739346380785,0.20977011494252873,0.5413367529937104,0.029018695922647404,0.26664675895091766,0.15289347093413982
0.7,0.5124760076775432,0.46416645790236116,0.02488193388841905,0.5612445980988445,0.46370741725624187,0.20689655172413793,0.5397818117102547,0.028935342320600924,0.26360982267251576,0.15018328077576013
0.7025,0.5067178502879078,0.46381831627769315,0.02486327153843378,0.555449862503238,0.45798583807257764,0.20689655172413793,0.5397818117102547,0.028935342320600924,0.26360982267251576,0.15018328077576013
0.705,0.4990403071017274,0.4640863423709492,0.024877639245145952,0.5478004800222135,0.45028013418124135,0.20689655172413793,0.5397818117102547,0.028935342320600924,0.26360982267251576,0.15018328077576013
0.7075,0.4971209213051823,0.46435750319023755,0.024892174990811748,0.5459095842871733,0.4483322583231913,0.19540229885057472,0.516897873062229,0.027708634447050552,0.2497112223667938,0.14109337533435565
0.71,0.4971209213051823,0.46435750319023755,0.024892174990811748,0.5459095842871733,0.4483322583231913,0.19540229885057472,0.516897873062229,0.027708634447050552,0.2497112223667938,0.14109337533435565
0.7125,0.4932821497120921,0.46506536073487276,0.02493012013813589,0.5421451851828385,0.4444191142413458,0.1925287356321839,0.5151888233139001,0.027617019764158313,0.2466580943699342,0.1383993768944336
0.715,0.491362763915547,0.4643329666409864,0.024890859693711055,0.5401488489152206,0.4425766789158733,0.1810344827586207,0.5024287627432571,0.026933008720004516,0.23382317984982953,0.12824578566741185
0.7175,0.4894433781190019,0.4644052461645178,0.024894734282870562,0.5382370573134282,0.4406496989245756,0.1752873563218391,0.4929107548930581,0.026422789943860374,0.22707602461180543,0.12349868803187275
0.72,0.4875239923224568,0.4636584142192068,0.0248546998883713,0.5362392041036645,0.43880878054124905,0.16954022988505746,0.48906523328843815,0.026216648348095242,0.22092486064732414,0.11815559912279078
0.7225,0.4817658349328215,0.46373702449187426,0.02485891384130599,0.5304893060617812,0.43304236380386174,0.16379310344827586,0.4851209573267301,0.026005212963124913,0.2147633208560007,0.11282288604055102
0.725,0.4760076775431862,0.4645067351533227,0.024900174663722848,0.524812019884083,0.42720333520228937,0.16379310344827586,0.4851209573267301,0.026005212963124913,0.2147633208560007,0.11282288604055102
0.7275,0.472168905950096,0.46438521854392983,0.024893660689716796,0.5209604809019409,0.42337733099825103,0.16091954022988506,0.4771085635406501,0.025575703572519273,0.21104791923202282,0.11079116122774728
0.73,0.46833013435700577,0.46352765225701814,0.02484769031143418,0.5170316073674167,0.41962866134659477,0.15517241379310345,0.47295956305565856,0.025353293801168898,0.20486486964339448,0.10547995794281242
0.7325,0.46257197696737046,0.46321488504970076,0.02483092422926162,0.5112405884567233,0.4139033654780177,0.15517241379310345,0.47295956305565856,0.025353293801168898,0.20486486964339448,0.10547995794281242
0.735,0.46065259117082535,0.4633904659966733,0.024840336355968017,0.5093396504285227,0.411965531913128,0.15229885057471265,0.4584404113067871,0.024574985571910037,0.20046582229565632,0.10413187885376898
0.7375,0.45489443378119004,0.46311296836195415,0.024825460921339505,0.5035523371870154,0.4062365303753646,0.14655172413793102,0.45401145762740514,0.02433756873411597,0.1942533588567983,0.09885008941906373
0.74,0.45297504798464494,0.4629716381155658,0.024817884824904272,0.5016181022414573,0.4043319937278326,0.14080459770114942,0.44300706375618665,0.02374767130373469,0.18735003345646942,0.09425916194582942
0.7425,0.4491362763915547,0.4619650733475537,0.02476392728965868,0.4976735738792857,0.4005989789038237,0.13793103448275862,0.4273749049149799,0.022909699631723034,0.18283404576093576,0.09302802320458148
0.745,0.44529750479846447,0.46242582111588243,0.024788625962549868,0.4938832116850622,0.3967117979118667,0.13505747126436782,0.4180795218628627,0.02241141479740835,0.1789838442672882,0.09113109826144745
0.7475,0.43761996161228406,0.4640273770354804,0.0248744783713821,0.48637393922019295,0.38886598400437516,0.13218390804597702,0.40855244648275724,0.021900709950640567,0.17510929954923254,0.0892585165427215
0.75,0.43570057581573896,0.46313573496353666,0.02482668133928612,0.48436087124073973,0.3870402803907382,0.12931034482758622,0.40593945717285757,0.021760639021013536,0.17196119730877274,0.08665949234639969
0.7525,0.43186180422264875,0.4626319887531613,0.024799677707960096,0.48046917253025057,0.38325443591504693,0.12643678160919541,0.4032890054644646,0.021618559896036022,0.168809159005426,0.08406440421296482
0.755,0.42418426103646834,0.46284224556747233,0.02481094865626799,0.4728137204027536,0.37555480167018307,0.1235632183908046,0.40060034778219356,0.021474432715883483,0.16565310651393622,0.08147333026767298
0.7575,0.42034548944337813,0.46314260178964756,0.02482704943980352,0.46900650634539304,0.3716844725413632,0.11206896551724138,0.38197616876049223,0.02047607192687203,0.15220206649391055,0.07193586454057221
0.76,0.42034548944337813,0.46314260178964756,0.02482704943980352,0.46900650634539304,0.3716844725413632,0.11206896551724138,0.38197616876049223,0.02047607192687203,0.15220206649391055,0.07193586454057221
0.7625,0.4126679462571977,0.46264942831665723,0.024800612566691402,0.4612771468879129,0.36405874562648255,0.11206896551724138,0.38197616876049223,0.02047607192687203,0.15220206649391055,0.07193586454057221
0.765,0.4049904030710173,0.46053720311643076,0.024687385411013247,0.45337767847660326,0.35660312766543134,0.11206896551724138,0.38197616876049223,0.02047607192687203,0.15220206649391055,0.07193586454057221
0.7675,0.40115163147792704,0.459587223078074,0.024636461135664846,0.44943909530383014,0.35286416765202394,0.11206896551724138,0.38197616876049223,0.02047607192687203,0.15220206649391055,0.07193586454057221
0.77,0.39731285988483683,0.4596105152549089,0.024637709727402268,0.4456027709505453,0.3490229488191284,0.10919540229885058,0.3790271739539461,0.020317989212008544,0.14901866115438733,0.06937214344331383
0.7725,0.3877159309021113,0.4562900616131588,0.02445971472886886,0.4356569717706943,0.33977489003352834,0.10057471264367816,0.36203031803188634,0.019406862097664932,0.13861216235510143,0.0625372629322549
0.775,0.3800383877159309,0.45438654393342365,0.02435767547063239,0.4277794316383704,0.3322973437934914,0.10057471264367816,0.36203031803188634,0.019406862097664932,0.13861216235510143,0.0625372629322549
0.7775,0.3742802303262956,0.45302169963646904,0.024284512136689047,0.42187787411420613,0.32668258653838506,0.09482758620689655,0.3389706815132673,0.01817073582964419,0.13044222843299916,0.059212943980793936
0.78,0.3723608445297505,0.4531694652284537,0.02429243320385827,0.4199740136093127,0.3247476754501883,0.09482758620689655,0.3389706815132673,0.01817073582964419,0.13044222843299916,0.059212943980793936
0.7825,0.3646833013435701,0.4513830205709231,0.024196669718351643,0.4121087739915393,0.3172578286956009,0.08908045977011494,0.3231620864853653,0.017323306185264783,0.12303413989323392,0.05512677964699597
0.785,0.362763915547025,0.45060162546677324,0.024154782544060643,0.4101072893333838,0.31542054176066614,0.08908045977011494,0.3231620864853653,0.017323306185264783,0.12303413989323392,0.05512677964699597
0.7875,0.3531669865642994,0.44764461179560877,0.023996269972933536,0.40019967571124915,0.30613429741734965,0.08908045977011494,0.3231620864853653,0.017323306185264783,0.12303413989323392,0.05512677964699597
0.79,0.3493282149712092,0.4458445220124088,0.023899775031913432,0.3961717740337595,0.30248465590865886,0.08908045977011494,0.3231620864853653,0.017323306185264783,0.12303413989323392,0.05512677964699597
0.7925,0.345489443378119,0.4436294964459983,0.023781037198176685,0.3921002762865453,0.29887861046969266,0.08908045977011494,0.3231620864853653,0.017323306185264783,0.12303413989323392,0.05512677964699597
0.795,0.3378119001919386,0.44035404149298285,0.023605454382555464,0.3840785907817473,0.2915452096021299,0.08908045977011494,0.3231620864853653,0.017323306185264783,0.12303413989323392,0.05512677964699597
0.7975,0.33397312859884837,0.4397175870991737,0.023571336845882696,0.38017294881677843,0.2877733083809183,0.08333333333333333,0.3064312256632462,0.01642643790496376,0.11552915162706229,0.05113751503960436
0.8,0.32629558541266795,0.43678430475205604,0.02341409640725453,0.37218721437088687,0.28040395645444904,0.07758620689655173,0.2984357509516741,0.015997835471951004,0.1089419644215757,0.04623044937152776
0.8025,0.31477927063339733,0.43462398141814146,0.023298290920974914,0.3604439208385082,0.2691146204282865,0.07758620689655173,0.2984357509516741,0.015997835471951004,0.1089419644215757,0.04623044937152776
0.805,0.31094049904030713,0.43222175338458374,0.023169517981659112,0.356352754284359,0.2655282437962553,0.07758620689655173,0.2984357509516741,0.015997835471951004,0.1089419644215757,0.04623044937152776
0.8075,0.30326295585412666,0.4286777393371233,0.022979538887462934,0.348302852073554,0.2582230596346993,0.07758620689655173,0.2984357509516741,0.015997835471951004,0.1089419644215757,0.04623044937152776
0.81,0.29942418426103645,0.42907952926969767,0.023001077088617167,0.3445062953547261,0.2543420731673468,0.07758620689655173,0.2984357509516741,0.015997835471951004,0.1089419644215757,0.04623044937152776
0.8125,0.29174664107485604,0.4269503462928594,0.022886940900695586,0.3366050452402194,0.2468882369094927,0.07471264367816093,0.2943143806414441,0.015776906833435713,0.10563538107169493,0.04378990628462693
0.815,0.28598848368522073,0.42591111593763015,0.02283123230617433,0.3307376990053224,0.24123926836511905,0.07183908045977011,0.290105928127294,0.015551310098801214,0.10231964825342049,0.04135851266611973
0.8175,0.272552783109405,0.4206629713576494,0.022549902226732407,0.3167505914738005,0.2283549747450095,0.07183908045977011,0.290105928127294,0.015551310098801214,0.10231964825342049,0.04135851266611973
0.82,0.2648752399232246,0.41877673221754075,0.022448789195441802,0.3088748667462905,0.22087561310015866,0.07183908045977011,0.290105928127294,0.015551310098801214,0.10231964825342049,0.04135851266611973
0.8225,0.2591170825335892,0.41567427993580386,0.02228248029644249,0.3027907439146165,0.21544342115256196,0.06896551724137931,0.2755389143696555,0.01477043619656527,0.09791557218664723,0.04001546229611138
0.825,0.2495201535508637,0.40763149087605766,0.02185134154814198,0.292348782985222,0.20669152411650543,0.06609195402298851,0.26012569039868527,0.013944200665488293,0.09342258732734557,0.038761320718631455
0.8275,0.2418426103646833,0.4016288018009327,0.02152956363813321,0.28404055509542436,0.1996446656339422,0.06321839080459771,0.25525709141091196,0.013683216365393776,0.09003749488076951,0.036399286728425906
0.83,0.2399232245681382,0.39979453753464256,0.021431236752528476,0.281928448603094,0.19791800053318237,0.0603448275862069,0.2502607206528809,0.01341538277947467,0.08663897783397725,0.034050677338436544
0.8325,0.236084452975048,0.39603780234143604,0.021229854607993325,0.2776949680067149,0.19447393794338108,0.0603448275862069,0.2502607206528809,0.01341538277947467,0.08663897783397725,0.034050677338436544
0.835,0.23416506717850288,0.3941144906214998,0.02112675427782612,0.27557350556304205,0.19275662879396369,0.0603448275862069,0.2502607206528809,0.01341538277947467,0.08663897783397725,0.034050677338436544
0.8375,0.22648752399232247,0.389808518499493,0.020895929943492843,0.26744354668156844,0.1855315013030765,0.0603448275862069,0.2502607206528809,0.01341538277947467,0.08663897783397725,0.034050677338436544
0.84,0.21880998080614203,0.3837907413165954,0.020573343226010572,0.2591337335291227,0.1784862280831613,0.05747126436781609,0.2451287652720803,0.013140281094875441,0.08322621531377196,0.03171631342186022
0.8425,0.21113243761996162,0.3810601214860182,0.02042696663859865,0.251169292231615,0.17109558300830827,0.05459770114942529,0.2398525224005465,0.012857444788904443,0.079798292935678,0.029397109363172583
0.845,0.2092130518234165,0.37901954434362833,0.020317580221965666,0.24903550905846922,0.1693905945883638,0.04885057471264368,0.215865927476297,0.011571628334586217,0.07153096624843266,0.026170183176854697
0.8475,0.2053742802303263,0.37691011215277265,0.02020450278730533,0.24497510569344474,0.16577345476720787,0.04597701149425287,0.2097368174909117,0.011243073552449663,0.06801343565705421,0.023940587331451532
0.85,0.2034548944337812,0.37646173873589694,0.020180467449279305,0.24300861063436863,0.16390117823319378,0.040229885057471264,0.1967808770464455,0.010548562244893455,0.06090506705746243,0.019554703057480093
0.8525,0.19961612284069097,0.37401784119452947,0.02004946078988134,0.2389130659888584,0.16031917969252354,0.034482758620689655,0.1827283372523796,0.009795267041917207,0.05368148202284738,0.01528403521853193
0.855,0.19001919385796545,0.36630422675293617,0.019635967653294437,0.22850569045842256,0.15153269725750834,0.034482758620689655,0.1827283372523796,0.009795267041917207,0.05368148202284738,0.01528403521853193
0.8575,0.18426103646833014,0.3611300363704912,0.019358601934961615,0.2222038962608549,0.14631817667580538,0.034482758620689655,0.1827283372523796,0.009795267041917207,0.05368148202284738,0.01528403521853193
0.86,0.18234165067178504,0.35859751995325057,0.019222844805181306,0.2200184264899404,0.14466487485362967,0.034482758620689655,0.1827283372523796,0.009795267041917207,0.05368148202284738,0.01528403521853193
0.8625,0.1765834932821497,0.3533018810614123,0.01893896876338559,0.21370387205838545,0.13946311450591395,0.031609195402298854,0.1752092108906006,0.009392199560742578,0.05001790654135431,0.013200484263243401
0.865,0.16698656429942418,0.3443982820715412,0.018461685759275096,0.20317146838760336,0.130801660211245,0.031609195402298854,0.1752092108906006,0.009392199560742578,0.05001790654135431,0.013200484263243401
0.8675,0.15738963531669867,0.33882648886714034,0.018163006292476983,0.19298912764995355,0.12179014298344379,0.02586206896551724,0.15895227365661108,0.008520736251411006,0.04256271201828281,0.00916142591275167
0.87,0.15355086372360843,0.33552513701889647,0.017986035257556376,0.18880349282841893,0.11829823461879793,0.02586206896551724,0.15895227365661108,0.008520736251411006,0.04256271201828281,0.00916142591275167
0.8725,0.14395393474088292,0.3222652124598579,0.017275228691018937,0.17781338297528004,0.1100944865064858,0.02586206896551724,0.15895227365661108,0.008520736251411006,0.04256271201828281,0.00916142591275167
0.875,0.1401151631477927,0.32120229794656086,0.017218250492360598,0.17386293411281947,0.10636739218276595,0.02586206896551724,0.15895227365661108,0.008520736251411006,0.04256271201828281,0.00916142591275167
0.8775,0.12859884836852206,0.30911914574712424,0.016570525545692154,0.16107707843807867,0.09612061829896544,0.02586206896551724,0.15895227365661108,0.008520736251411006,0.04256271201828281,0.00916142591275167
0.88,0.12284069097888675,0.30850490729423014,0.016537598908455797,0.1552543848394601,0.0904269971183134,0.02586206896551724,0.15895227365661108,0.008520736251411006,0.04256271201828281,0.00916142591275167
0.8825,0.11900191938579655,0.3014520361439215,0.01615952533011371,0.1506745890328194,0.08732924973877368,0.02586206896551724,0.15895227365661108,0.008520736251411006,0.04256271201828281,0.00916142591275167
0.885,0.11324376199616124,0.29346753390476255,0.01573151108336157,0.1440775237195499,0.08241000027277255,0.022988505747126436,0.1500825128868045,0.008045267166294898,0.03875722939306443,0.007219782101188437
0.8875,0.10556621880998081,0.2881063763281831,0.015444122871407,0.13583669963793854,0.07529573798202309,0.020114942528735632,0.14059563906538558,0.0075367173492765106,0.03488690853331759,0.005342976524153671
0.89,0.1017274472168906,0.2839616752607826,0.015221943573031216,0.1315624566200318,0.07189243781374942,0.020114942528735632,0.14059563906538558,0.0075367173492765106,0.03488690853331759,0.005342976524153671
0.8925,0.09788867562380038,0.2832365845936584,0.015183074633375331,0.12764750190521604,0.06812984934238474,0.020114942528735632,0.14059563906538558,0.0075367173492765106,0.03488690853331759,0.005342976524153671
0.895,0.09404990403071017,0.2757933548481653,0.014784075637884296,0.1230266922809634,0.06507311578045695,0.020114942528735632,0.14059563906538558,0.0075367173492765106,0.03488690853331759,0.005342976524153671
0.8975,0.09021113243761997,0.27148986707242273,0.014553384478489554,0.11873576601545949,0.06168649885978044,0.017241379310344827,0.1303569884968398,0.0069878680685584085,0.030937600724719308,0.0035451578959703467
0.9,0.08253358925143954,0.2654740854216748,0.014230904732758851,0.11042616252764689,0.05464101597523219,0.014367816091954023,0.11917295352428314,0.0063883408643512956,0.02688896418608256,0.0018466679978254835
0.9025,0.08061420345489444,0.2609710865793535,0.013989518657598213,0.10803366002378693,0.05319474688600194,0.014367816091954023,0.11917295352428314,0.0063883408643512956,0.02688896418608256,0.0018466679978254835
0.905,0.07869481765834933,0.26006704376749984,0.013941056876067299,0.10601928913544123,0.05137034618125743,0.014367816091954023,0.11917295352428314,0.0063883408643512956,0.02688896418608256,0.0018466679978254835
0.9075,0.07293666026871401,0.2592550671341025,0.013897530359734265,0.10017581977379317,0.04569750076363485,0.011494252873563218,0.10674679821620588,0.005722229021069753,0.022709821754859937,0.00027868399226650166
0.91,0.07293666026871401,0.2592550671341025,0.013897530359734265,0.10017581977379317,0.04569750076363485,0.011494252873563218,0.10674679821620588,0.005722229021069753,0.022709821754859937,0.00027868399226650166
0.9125,0.06333973128598848,0.24672090374207015,0.01322562867541912,0.08926196348980996,0.037417499082167,0.005747126436781609,0.07570048951464119,0.004057972185100193,0.013700751919577987,-0.002206499046014769
0.915,0.05950095969289827,0.24059354899707291,0.012897167984043651,0.08477940894162384,0.03422251044417272,0.005747126436781609,0.07570048951464119,0.004057972185100193,0.013700751919577987,-0.002206499046014769
0.9175,0.053742802303262956,0.22953457529604354,0.012304344767677895,0.07785931804791163,0.02962628655861428,0.005747126436781609,0.07570048951464119,0.004057972185100193,0.013700751919577987,-0.002206499046014769
0.92,0.04990403071017274,0.22374320059411956,0.011993894497084136,0.07341206392445765,0.026395997495887835,0.005747126436781609,0.07570048951464119,0.004057972185100193,0.013700751919577987,-0.002206499046014769
0.9225,0.04030710172744722,0.20432109876412388,0.010952760555842413,0.061774512416898346,0.01883969103799609,0.005747126436781609,0.07570048951464119,0.004057972185100193,0.013700751919577987,-0.002206499046014769
0.925,0.03838771593090211,0.1978266713557567,0.010604622704287185,0.05917277643130499,0.017602655430499225,0.0028735632183908046,0.05360562674188974,0.0028735632183908046,0.008505747126436782,-0.002758620689655172
0.9275,0.03262955854126679,0.18235705107285527,0.009775364013563203,0.05178927200785067,0.013469845074682914,0.0028735632183908046,0.05360562674188974,0.0028735632183908046,0.008505747126436782,-0.002758620689655172
0.93,0.03262955854126679,0.18235705107285527,0.009775364013563203,0.05178927200785067,0.013469845074682914,0.0028735632183908046,0.05360562674188974,0.0028735632183908046,0.008505747126436782,-0.002758620689655172
0.9325,0.030710172744721688,0.17488397994504548,0.00937476535207024,0.04908471283477936,0.01233563265466402,0.0028735632183908046,0.05360562674188974,0.0028735632183908046,0.008505747126436782,-0.002758620689655172
0.935,0.028790786948176585,0.16702741236942176,0.00895360912313892,0.04633986082952887,0.0112417130668243,0.0028735632183908046,0.05360562674188974,0.0028735632183908046,0.008505747126436782,-0.002758620689655172
0.9375,0.026871401151631478,0.15873041359552167,0.008508843303787315,0.043548734027054614,0.010194068276208341,0.0,0.0,0.0,0.0,0.0
0.94,0.026871401151631478,0.15873041359552167,0.008508843303787315,0.043548734027054614,0.010194068276208341,0.0,0.0,0.0,0.0,0.0
0.9425,0.019193857965451054,0.13800645017926824,0.007397922256283056,0.03369378558776584,0.004693930343136265,0.0,0.0,0.0,0.0,0.0
0.945,0.015355086372360844,0.12496123301031119,0.006698625213957052,0.028484391791716666,0.0022257809530050222,0.0,0.0,0.0,0.0,0.0
0.9475,0.011516314779270634,0.11296579421001395,0.006055602199023137,0.02338529508935598,-0.00035266553081471363,0.0,0.0,0.0,0.0,0.0
0.95,0.009596928982725527,0.10990971333762298,0.005891779068484718,0.021144815956955575,-0.0019509579915045188,0.0,0.0,0.0,0.0,0.0
0.9525,0.007677543186180422,0.09625253244282059,0.0051596773270914725,0.017790510747279706,-0.0024354243749188636,0.0,0.0,0.0,0.0,0.0
0.955,0.007677543186180422,0.09625253244282059,0.0051596773270914725,0.017790510747279706,-0.0024354243749188636,0.0,0.0,0.0,0.0,0.0
0.9575,0.003838771593090211,0.07570048951464119,0.004057972185100193,0.011792397075886588,-0.004114853889706167,0.0,0.0,0.0,0.0,0.0
0.96,0.0019193857965451055,0.05360562674188974,0.0028735632183908046,0.007551569704591083,-0.0037127981115008713,0.0,0.0,0.0,0.0,0.0
0.9625,0.0,0.0,0.0,0.0,0.0,0.0,0.0,0.0,0.0,0.0
0.965,0.0,0.0,0.0,0.0,0.0,0.0,0.0,0.0,0.0,0.0
0.9675,0.0,0.0,0.0,0.0,0.0,0.0,0.0,0.0,0.0,0.0
0.97,0.0,0.0,0.0,0.0,0.0,0.0,0.0,0.0,0.0,0.0
0.9725,0.0,0.0,0.0,0.0,0.0,0.0,0.0,0.0,0.0,0.0
0.975,0.0,0.0,0.0,0.0,0.0,0.0,0.0,0.0,0.0,0.0
0.9775,0.0,0.0,0.0,0.0,0.0,0.0,0.0,0.0,0.0,0.0
0.98,0.0,0.0,0.0,0.0,0.0,0.0,0.0,0.0,0.0,0.0
0.9825,0.0,0.0,0.0,0.0,0.0,0.0,0.0,0.0,0.0,0.0
0.985,0.0,0.0,0.0,0.0,0.0,0.0,0.0,0.0,0.0,0.0
